{"NwHsgcYlDnj/JHAyVrUgog==":"intelg-96x96.png","F+DOvOSkJYzcf1juvn6k5Q==":"bob-400x110.png","nwn2KLx2X+R3uSXqis82cA==":"bob-1-400x110.png","jxsPQu60i4hbZiTeUsEN8w==":"canara-400x110.png","bt5qDVLNZKbIqpMIHPtZwg==":"dbs-400x110.png","554E7mcCjCwioBrYg+DmUA==":"fis-400x110.png","wA7nF/pDqNrgdu/NXatizw==":"icici-400x110.png","gs3nbIQ3RVGTMhO9r89XZw==":"karnataka%20bank-400x73.png","tY86pzRjzamfWYgN9oAsWA==":"karnataka-400x110.png","vdhYY2UEyBPX1RJ91augGA==":"ltim-400x110.png","JRilMR1QhCgxJMfS00Qicw==":"tcs-400x110.png","7JxliUsra20GZ9m0tw5iKA==":"mbr-1036x706.jpg","gFZECeshTv+TKaxKCbTPrw==":"mbr-1036x735.png","1B71Rx5hYSgyzxdbd/787g==":"mbr-1696x1060.png","gOq8AZgfN2LSevvsiIOybQ==":"person%20giving%20d%207682e85d-961e-487a-84b3-8ebfe7fae1a5-1366x768.png","l3boSqdky0vn2ch3npNlAQ==":"india%20map%20where%204761f086-f990-48a3-846f-40ac5c3642fd-1366x768.png","vPvmFieOiIXQxVWNQlnfGw==":"teleservices%204a3793ad-ea13-4533-9f3c-6eb7817ada65-1366x768.png","gDqkE2oIrZ3PxFa88xo0uQ==":"animation%20-%201705398009416.gif"}